[
    {
        "semestre": "1º",
        "materias": [
            {
                "nombre": "Lógica y Filosofía de la Ciencia",
                "tipo": "core",
                "media": [
                    {
                        "tipo": "video",
                        "url": "https://www.youtube.com/watch?v=dQw4w9WgXcQ",
                        "titulo": "Introducción a la Lógica Formal"
                    },
                    {
                        "tipo": "imagen",
                        "url": "https://www.google.com/search?q=https://placehold.co/600x400/0d47a1/white%3Ftext%3DFilosofia",
                        "titulo": "Diagrama de Argumentos"
                    }
                ]
            },
            {
                "nombre": "Inmersión a la Profesión",
                "tipo": "practica"
            },
            {
                "nombre": "Álgebra y Geometría Analítica",
                "tipo": "core"
            },
            {
                "nombre": "Cálculo Diferencial",
                "tipo": "core"
            },
            {
                "nombre": "Fundamentos de Química",
                "tipo": "ciencias"
            }
        ]
    },
    {
        "semestre": "2º",
        "materias": [
            {
                "nombre": "Lengua Extranjera I",
                "tipo": "idioma"
            },
            {
                "nombre": "Cálculo Integral",
                "tipo": "core"
            },
            {
                "nombre": "Mecánica Clásica",
                "tipo": "ciencias"
            },
            {
                "nombre": "Fundamentos de Programación",
                "tipo": "programacion"
            }
        ]
    },
    {
        "semestre": "3º",
        "materias": [
            {
                "nombre": "Lengua Extranjera II",
                "tipo": "idioma"
            },
            {
                "nombre": "Cálculo Vectorial",
                "tipo": "core"
            },
            {
                "nombre": "Electricidad y Magnetismo",
                "tipo": "ciencias"
            },
            {
                "nombre": "Estructura de Datos",
                "tipo": "programacion"
            },
            {
                "nombre": "Probabilidad y Estadística",
                "tipo": "core"
            }
        ]
    },
    {
        "semestre": "4º",
        "materias": [
            {
                "nombre": "Ecuaciones Diferenciales",
                "tipo": "core"
            },
            {
                "nombre": "Optativa I",
                "tipo": "optativa"
            },
            {
                "nombre": "Análisis de Circuitos",
                "tipo": "ciencias"
            },
            {
                "nombre": "Programación Orientada a Objetos",
                "tipo": "programacion"
            }
        ]
    }
]